sample,index,param,time,LEO-score,Gurobi-score,History-score,satisfaction gap,LEO-CPU time,Gurobi-CPU time,LEO-satisfaction,Gurobi-satisfaction,obj_gap1,obj_gap2
insample,Average passenger capacity of vehicles,locality0.2,1721984528.2056413.txt,381.0,424.0,186.0,-0.1014127025306007,10.203002214431763,185.30785202980042,1.0483307349067255,1.2795011020912854,0.0,1.71
insample,Average passenger capacity of vehicles,locality0.2,1721984864.211388.txt,290.0,333.0,135.0,-0.12912525149394913,10.423862934112549,190.2285294532776,1.1480631064365603,1.4665580327383159,0.0,1.71
insample,Average passenger capacity of vehicles,locality0.2,1721985216.8991613.txt,224.0,224.0,18.0,0.0,11.118103265762329,196.79716420173645,11.438089950027761,11.438089950027761,242.51,7.86
insample,Average passenger capacity of vehicles,locality0.2,1721985557.5862372.txt,375.0,375.0,147.0,0.0,14.373404502868652,193.13768768310547,1.5509149037480445,1.5509149037480445,238.96,7.82
insample,Average passenger capacity of vehicles,locality0.2,1721985899.0863428.txt,191.0,191.0,0.0,0.0,17.37678575515747,195.81538891792297,19100.0,19100.0,278.11,8.22
insample,Average travel price of vehicles,locality0.2,1721977305.2390683.txt,488.63201475143427,343.5929248332359,549.0,-0.42211250090083374,19.057173490524292,165.15459656715393,0.10995789739452055,0.37414086294742194,61.09,1.18
insample,Average travel price of vehicles,locality0.2,1721977604.1124864.txt,349.39300441741943,273.54091739643974,549.0,-0.2772869041819083,13.01649808883667,151.78112030029297,0.3635762473954583,0.5017378237255429,63.03,27.73
insample,Average travel price of vehicles,locality0.2,1721977893.773152.txt,315.0142071247101,273.54091739643974,549.0,-0.15161085959059598,16.250943899154663,151.0886743068695,0.42619586687909133,0.5017378237255429,110.31,15.16
insample,Average travel price of vehicles,locality0.2,1721978379.4744139.txt,493.37115216255177,343.5929248332359,549.0,-0.43590498364357405,17.40182328224182,155.92040348052979,0.10132574604733655,0.37414086294742194,86.38,13.2
insample,Average travel price of vehicles,locality0.2,1721978693.241487.txt,512.3712110519409,343.5929248332359,549.0,-0.4912015411411874,26.513519048690796,160.93174648284912,0.06671789028990198,0.37414086294742194,254.29,13.73
insample,Average waiting time of vehicles,locality0.2,1721980806.2220542.txt,2834.6896425943855,2630.2134623419374,2335.6727863104716,-0.07774099166098364,33.38420796394348,157.73581385612488,-0.2136492417586289,-0.12610474237245756,220.66,7.06
insample,Average waiting time of vehicles,locality0.2,1721981114.4356883.txt,121.46073238063265,191.07436291407657,326.2410740195438,0.3643083582132074,14.585241079330444,169.72066164016724,0.6276771417667241,0.41430273145206625,93.88,1.63
insample,Average waiting time of vehicles,locality0.2,1721981435.4784691.txt,242.42206204188435,242.93806977886825,584.4598854663649,0.0021239425258804475,14.366398572921753,165.89854860305786,0.5852103451858071,0.5843274806451094,69.06,6.65
insample,Average waiting time of vehicles,locality0.2,1721981772.7145267.txt,177.7443880520529,71.17623473486881,47.27106246653445,-1.4970331513402029,37.74360513687134,165.70262694358826,-2.759526093092081,-0.5055971888375912,254.29,1.84
insample,Average waiting time of vehicles,locality0.2,1721982132.3318448.txt,239.09764316044212,244.9911345501573,326.2410740195438,0.024054955502700592,27.167356967926025,183.7931365966797,0.26710542216906674,0.24904114021252016,211.46,2.97
insample,Complaint rate of vehicles,locality0.2,1721973720.2206573.txt,15.0,15.0,0.0,0.0,12.196218252182007,159.70475912094116,1500.0,1500.0,55.73,7.95
insample,Complaint rate of vehicles,locality0.2,1721974063.3729815.txt,20.0,15.0,0.0,0.3331112591605596,39.132877588272095,172.7143657207489,2000.0,1500.0,278.69,2.62
insample,Complaint rate of vehicles,locality0.2,1721974393.4788525.txt,9.0,26.0,0.0,-0.6535947712418301,39.49534511566162,164.76749205589294,900.0,2600.0,200.28,2.51
insample,Complaint rate of vehicles,locality0.2,1721974726.7225814.txt,35.0,20.0,18.0,0.7496251874062968,48.157984018325806,165.58826351165771,0.9439200444197667,0.11104941699056078,220.66,6.9
insample,Complaint rate of vehicles,locality0.2,1721975173.9811852.txt,597.0,432.0,866.0,0.38193560334251525,8.507428169250488,168.92867732048035,-0.3106199697463078,-0.5011489474717382,1275.83,6.93
insample,Demand satisfaction rate,locality0.2,1721990299.8699841.txt,162.0,219.0,0.0,-0.2602620884891101,9.841589212417603,183.39507794380188,16200.0,21900.0,48.26,2.26
insample,Demand satisfaction rate,locality0.2,1721990624.7501044.txt,558.0,558.0,315.0,0.0,10.868964672088623,189.91647028923035,0.7714040824100823,0.7714040824100823,55.73,2.58
insample,Demand satisfaction rate,locality0.2,1721990960.8024302.txt,216.0,234.0,12.0,-0.07691978975257469,14.489741802215576,192.0699999332428,16.98584512905912,18.484596169858452,0.0,0.71
insample,Demand satisfaction rate,locality0.2,1721991302.082554.txt,1323.0,1346.0,866.0,-0.017087540211439736,11.81397294998169,196.5086441040039,0.5277075322455861,0.554266117019434,0.0,0.91
insample,Demand satisfaction rate,locality0.2,1721991634.3816006.txt,1386.0,1483.0,1016.0,-0.06540751579557791,9.603879928588867,196.77703881263733,0.3641696439995669,0.45964114526431826,7.29,3.85
insample,Demand satisfaction rate,locality0.4,1721993190.1755433.txt,1754.0,1754.0,1046.0,0.0,24.719178915023804,186.18041062355042,0.676857773826254,0.676857773826254,220.66,4.13
insample,Demand satisfaction rate,locality0.4,1721993520.4054236.txt,563.0,563.0,165.0,0.0,12.60598087310791,191.08855843544006,2.4119750318162536,2.4119750318162536,55.73,2.38
insample,Demand satisfaction rate,locality0.4,1721993891.8964186.txt,1349.0,1417.0,1016.0,-0.04798836987741795,69.93839883804321,178.41756057739258,0.32775267959961024,0.39468115471304416,146.61,11.24
insample,Demand satisfaction rate,locality0.4,1721994168.173287.txt,447.0,548.0,165.0,-0.18430320614587326,22.141361474990845,128.49245762825012,1.7089873341009636,2.3210714502151384,220.66,4.15
insample,Demand satisfaction rate,locality0.4,1721994506.7197306.txt,562.0,562.0,135.0,0.0,7.630895376205444,194.43784928321838,3.1627286867639435,3.1627286867639435,63.03,4.57
insample,Future service Level of vehicles,locality0.2,1721970368.6034503.txt,107.0,107.0,0.0,0.0,6.9561731815338135,149.8340709209442,10700.0,10700.0,622.56,18.6
insample,Future service Level of vehicles,locality0.2,1721970678.3995125.txt,132.0,144.0,6.0,-0.08332754669814597,36.98268747329712,151.14740204811096,20.965058236272878,22.96173044925125,139.32,0.8
insample,Future service Level of vehicles,locality0.2,1721970958.030945.txt,855.0,932.0,638.0,-0.08261713930108046,8.456675291061401,148.28596687316895,0.34012006081409385,0.46080782432877226,2.43,5.12
insample,Future service Level of vehicles,locality0.2,1721971237.7807674.txt,102.0,123.0,12.0,-0.1707178278188765,9.4698486328125,149.65520024299622,7.4937552039966695,9.242298084929226,0.0,1.4
insample,Future service Level of vehicles,locality0.2,1721971530.6726844.txt,72.0,118.0,0.0,-0.389797474790272,21.19407820701599,149.452974319458,7200.0,11800.0,100.47,3.06
insample,Idle vehicles cost,locality0.2,1721965225.4487386.txt,-370.57249733774256,-407.57249733774256,-215.5724973377426,0.09078362273685478,10.731305360794067,121.78185510635376,-0.7190490085905179,-0.8906929654798674,7.29,75.81
insample,Idle vehicles cost,locality0.2,1721965547.9910345.txt,-423.90961640796564,-461.90961640796564,-273.9096164079657,0.08226895769152813,12.167372941970825,186.35599398612976,-0.5476458929266231,-0.6863828524680344,0.0,22.48
insample,Idle vehicles cost,locality0.2,1721965755.591143.txt,-226.66194989091215,-323.6619498909121,-236.66194989091215,0.2997046674141593,9.555514574050903,72.18552994728088,0.0422561487645026,-0.36762849425117256,55.73,0.53
insample,Idle vehicles cost,locality0.2,1721966053.3065927.txt,-688.9871615741138,-802.9871615741138,-589.9871615741137,0.1419716592891888,20.68181324005127,135.6426453590393,-0.16780310569286946,-0.3610309243695068,25.66,92.95
insample,Idle vehicles cost,locality0.2,1721966327.2199905.txt,-2912.467102572685,-2953.467102572685,-2472.4671025726857,0.013882036737315704,14.873941659927368,142.73448729515076,-0.17796062044601801,-0.19454331462394245,55.73,33.39
insample,Idle vehicles cost,locality0.4,1721967052.5392365.txt,-3040.5804844993063,-3040.5804844993063,-2369.5804844993063,0.0,8.560329914093018,123.54589986801147,-0.28317368248355074,-0.28317368248355074,0.0,2.73
insample,Idle vehicles cost,locality0.4,1721967339.013028.txt,-1525.763791341917,-1580.763791341917,-1153.763791341917,0.03479352717750559,10.629777193069458,135.3876440525055,-0.32242580938116033,-0.37009629195095556,55.73,48.53
insample,Idle vehicles cost,locality0.4,1721967619.715813.txt,-845.19539060612,-882.19539060612,-490.19539060612,0.041941297593444095,10.68631362915039,136.64859342575073,-0.7242157901952939,-0.7996974359339584,55.73,33.14
insample,Idle vehicles cost,locality0.4,1721967950.933576.txt,-2856.8903543954607,-2975.8903543954607,-2308.8903543954607,0.03998816680389505,12.510231256484985,188.2344195842743,-0.23734447692655955,-0.2888846096898088,23.23,21.57
insample,Idle vehicles cost,locality0.4,1721968220.2207987.txt,-953.6173051945324,-1052.6173051945323,-673.6173051945323,0.09405216884914522,5.632824659347534,134.4343285560608,-0.41567245165065186,-0.5626423541985607,0.0,71.98
insample,Number of high-powered taxis in demand areas,locality0.2,1721968574.173859.txt,31.0,37.0,0.0,-0.1621183463928668,12.474189519882202,139.3924400806427,3100.0,3700.0,0.0,1.07
insample,Number of high-powered taxis in demand areas,locality0.2,1721968844.9864702.txt,12.0,32.0,0.0,-0.6248047485160888,6.884820461273193,136.82244157791138,1200.0,3200.0,0.0,3.58
insample,Number of high-powered taxis in demand areas,locality0.2,1721969127.529135.txt,59.0,85.0,36.0,-0.30584637101517465,18.965537309646606,140.1885097026825,0.6387114690363788,1.3607331296861984,33.56,4.65
insample,Number of high-powered taxis in demand areas,locality0.2,1721969413.0292385.txt,71.0,71.0,29.0,0.0,16.80361318588257,139.94391775131226,1.4477766287487073,1.4477766287487073,220.66,4.29
insample,Number of high-powered taxis in demand areas,locality0.2,1721969699.3707714.txt,64.0,79.0,29.0,-0.18984938615365143,12.438080549240112,140.9537069797516,1.206480523957256,1.723543605653223,55.73,2.68
insample,Number of pre-allocated vehicles,locality0.2,1721982664.2215254.txt,51.0,77.0,0.0,-0.33761849110505127,9.246360301971436,131.79311895370483,5100.0,7700.0,18.37,2.57
insample,Number of pre-allocated vehicles,locality0.2,1721982964.215903.txt,83.0,83.0,0.0,0.0,17.60355305671692,142.02421259880066,8300.0,8300.0,164.93,4.05
insample,Number of pre-allocated vehicles,locality0.2,1721983277.0105333.txt,566.0,566.0,371.0,0.0,16.640922784805298,137.29192805290222,0.5255923020942832,0.5255923020942832,233.42,7.4
insample,Number of pre-allocated vehicles,locality0.2,1721983590.4232025.txt,185.0,154.0,318.0,0.20128563080319462,25.938162565231323,166.2131052017212,-0.4182258419546555,-0.5157070532373196,247.84,9.45
insample,Number of pre-allocated vehicles,locality0.2,1721983876.1650293.txt,84.0,91.0,6.0,-0.07691462476650918,12.811814069747925,127.70515704154968,12.978369384359402,14.143094841930116,0.0,0.69
insample,Number of users covered by vehicles,locality0.2,1721986244.3371525.txt,220.0,220.0,0.0,0.0,13.325269937515259,118.3453757762909,22000.0,22000.0,273.37,8.19
insample,Number of users covered by vehicles,locality0.2,1721986570.8672874.txt,180.0,217.0,30.0,-0.17049905534307175,12.310684204101562,189.46272706985474,4.998333888703765,6.2312562479173605,7.29,1.47
insample,Number of users covered by vehicles,locality0.2,1721986838.8635042.txt,382.0,382.0,153.0,0.0,19.123915195465088,126.03460597991943,1.4966342069145808,1.4966342069145808,217.28,5.82
insample,Number of users covered by vehicles,locality0.2,1721987186.2405684.txt,234.0,234.0,12.0,0.0,13.767890691757202,198.20101642608643,18.484596169858452,18.484596169858452,220.66,6.24
insample,Number of users covered by vehicles,locality0.2,1721987463.1124191.txt,196.0,235.0,12.0,-0.16595038508999618,25.29366159439087,129.3843650817871,15.320566194837635,18.567860116569527,139.32,1.68
insample,Order completion rate of vehicles,locality0.2,1721979110.4703767.txt,183.0,183.0,0.0,0.0,12.540382385253906,183.05624866485596,18300.0,18300.0,38.42,7.66
insample,Order completion rate of vehicles,locality0.2,1721979383.5308428.txt,131.0,187.0,0.0,-0.2994492273140474,16.682237148284912,123.3517210483551,13100.0,18700.0,73.85,2.37
insample,Order completion rate of vehicles,locality0.2,1721979764.44983.txt,134.0,200.0,12.0,-0.32998350082495875,29.51308512687683,189.2893569469452,10.15820149875104,15.653621981681932,195.05,2.62
insample,Order completion rate of vehicles,locality0.2,1721980092.2469435.txt,226.0,226.0,0.0,0.0,11.809535026550293,194.55811047554016,22600.0,22600.0,106.64,7.66
insample,Order completion rate of vehicles,locality0.2,1721980447.9683726.txt,1338.0,1338.0,878.0,0.0,13.237034320831299,196.49122190475464,0.5239120283368071,0.5239120283368071,239.73,7.7
insample,Proportion of idle vehicles,locality0.2,1721958875.9741411.txt,-1204.438699951318,-1204.438699951318,-992.4386999513182,0.0,9.024902820587158,116.0378806591034,-0.21361736113677401,-0.21361736113677401,126.56,17.76
insample,Proportion of idle vehicles,locality0.2,1721959223.0776587.txt,-1204.438699951318,-1204.438699951318,-992.4386999513182,0.0,9.036623477935791,122.96741652488708,-0.21361736113677401,-0.21361736113677401,126.56,16.26
insample,Proportion of idle vehicles,locality0.2,1721959469.2671373.txt,-1204.438699951318,-1204.438699951318,-992.4386999513182,0.0,11.387104034423828,121.07893252372742,-0.21361736113677401,-0.21361736113677401,126.56,15.99
insample,Proportion of idle vehicles,locality0.2,1721959717.8503332.txt,-1204.438699951318,-1204.438699951318,-992.4386999513182,0.0,9.152267694473267,120.92728900909424,-0.21361736113677401,-0.21361736113677401,126.56,11.39
insample,Proportion of idle vehicles,locality0.2,1721959971.1068704.txt,-1204.438699951318,-1204.438699951318,-992.4386999513182,0.0,10.219763278961182,129.2205731868744,-0.21361736113677401,-0.21361736113677401,126.56,18.05
insample,Proportion of idle vehicles,locality0.4,1721960527.7282279.txt,-1517.3938571911042,-1517.3938571911042,-1210.3938571911042,0.0,8.662519693374634,117.85760974884033,-0.2536385446452039,-0.2536385446452039,879.15,29.6
insample,Proportion of idle vehicles,locality0.4,1721960789.4580245.txt,-483.6856428312672,-490.6856428312672,-311.68564283126716,0.014266043367486145,5.025404214859009,123.69766974449158,-0.5518557640165557,-0.5743150102265318,8161.05,21.59
insample,Proportion of idle vehicles,locality0.4,1721961111.6373935.txt,-313.7538533657068,-339.75385336570685,-182.75385336570682,0.07652824250513564,53.42695760726929,127.0845742225647,-0.7168503760169864,-0.8591260231653963,220.66,3.28
insample,Proportion of idle vehicles,locality0.4,1721961372.9956582.txt,-444.56757801269043,-479.56757801269043,-308.56757801269043,0.0729839368716509,9.396154165267944,129.991366147995,-0.4407605247485011,-0.5541915421470124,0.0,10.8
insample,Proportion of idle vehicles,locality0.4,1721961633.0128758.txt,-474.54842601027633,-507.54842601027633,-330.5484260102762,0.0650197074917276,10.18138575553894,125.97022294998169,-0.4356528278364926,-0.5354899342156887,0.0,9.45
insample,Proportion of idle vehicles,locality0.6,1721962140.4242184.txt,-1526.9956416837438,-1540.9956416837438,-1175.9956416837438,0.009085094384593375,6.027817487716675,117.68603491783142,-0.29847303194743763,-0.3103779392046004,650.43,35.18
insample,Proportion of idle vehicles,locality0.6,1721962436.3377728.txt,-1569.1294042314423,-1569.1294042314423,-1189.1294042314428,0.0,18.85302996635437,126.36417317390442,-0.31956420746964675,-0.31956420746964675,220.66,8.67
insample,Proportion of idle vehicles,locality0.6,1721962711.8398447.txt,-1752.4555943513449,-1761.4555943513449,-1347.4555943513453,0.005109439672086076,24.464055061340332,121.31285285949707,-0.30056872180799615,-0.30724802673706275,220.66,12.43
insample,Proportion of idle vehicles,locality0.6,1721962969.904141.txt,-1342.010647856731,-1406.010647856731,-1041.010647856732,0.045519182439609715,17.64721393585205,121.92884111404419,-0.2891448728871726,-0.35062418140803336,237.78,1.51
insample,Proportion of idle vehicles,locality0.6,1721963243.0917647.txt,-1482.715072540574,-1513.715072540574,-1141.7150725405738,0.020479550846698415,11.456284284591675,127.09435606002808,-0.2986760838691831,-0.3258284551300179,248.82,16.34
insample,Proportion of idle vehicles,locality0.8,1721963579.1696665.txt,-981.2219646948473,-1024.2219646948477,-659.2219646948475,0.04198349705162027,24.002699375152588,116.3053891658783,-0.4884620080417611,-0.5536914066311894,220.66,0.89
insample,Proportion of idle vehicles,locality0.8,1721963859.0118568.txt,-785.9929992696004,-835.9929992696004,-501.9929992696005,0.05980982872102073,24.243869304656982,119.19902181625366,-0.56575621169089,-0.6653611785378776,220.66,14.87
insample,Proportion of idle vehicles,locality0.8,1721964131.615806.txt,-986.2989220091808,-1027.2989220091808,-665.2989220091811,0.03991087523830378,23.386818170547485,124.73785519599915,-0.482497136778673,-0.5441244969279739,220.66,3.38
insample,Proportion of idle vehicles,locality0.8,1721964450.2580717.txt,-1209.147329963488,-1164.147329963488,-1406.1473299634877,-0.03865523322872172,21.08576226234436,166.45072174072266,0.14010011383818047,0.1721026779128918,81.26,13.93
insample,Proportion of idle vehicles,locality0.8,1721964733.2515516.txt,-670.5965735911606,-722.5965735911606,-392.5965735911604,0.07196369528645795,6.749720096588135,124.19166731834412,-0.7081240640937184,-0.8405789250033348,101.37,11.59
insample,Scheduled vehicle response time,locality0.2,1721971905.8119159.txt,2826.7070088955456,2628.832238121757,2335.6727863104716,-0.07527069061213999,21.817062854766846,157.53004717826843,-0.2102315543288005,-0.12551338457837882,141.82,10.31
insample,Scheduled vehicle response time,locality0.2,1721972228.6636841.txt,102.20418436610353,145.3947373814853,0.0,0.2970367664298764,16.25300645828247,164.5244243144989,-10220.418436610353,-14539.47373814853,25.66,6.38
insample,Scheduled vehicle response time,locality0.2,1721972523.66667.txt,39.39731910550306,66.79812400332433,52.0032564480757,0.4101418099460153,19.63346242904663,164.10534191131592,0.24236008670514644,-0.28444416992076227,0.0,0.87
insample,Scheduled vehicle response time,locality0.2,1721972947.1825106.txt,43.36861696452209,160.13148655113537,0.0,0.7291231778926275,134.48486995697021,163.46369194984436,-4336.861696452209,-16013.148655113537,195.05,25.09
insample,Scheduled vehicle response time,locality0.2,1721973251.9959548.txt,35.173278194627514,84.07767722191537,47.27106246653445,0.5815881784702471,15.287901878356934,167.31708335876465,0.2558695520108025,-0.7784642060747397,18.37,2.16
insample,Service Level of vehicles,locality0.2,1721975542.286379.txt,1328.0,1347.0,848.0,-0.014105314734114817,9.359643459320068,182.20275783538818,0.5660310609544699,0.588436457117251,0.0,0.75
insample,Service Level of vehicles,locality0.2,1721975903.0743546.txt,185.0,185.0,0.0,0.0,19.447974681854248,183.1949155330658,18500.0,18500.0,164.93,4.01
insample,Service Level of vehicles,locality0.2,1721976242.0201733.txt,70.0,207.0,18.0,-0.6618037775952853,19.324886560440063,190.10931873321533,2.8872848417545804,10.494169905607995,189.4,5.44
insample,Service Level of vehicles,locality0.2,1721976572.8931055.txt,148.0,171.0,0.0,-0.13449505876849308,11.59752869606018,190.270898103714,14800.0,17100.0,0.0,0.91
insample,Service Level of vehicles,locality0.2,1721976919.5438132.txt,1291.0,1326.0,848.0,-0.026394974396874837,12.252039909362793,196.34841060638428,0.5223995000058962,0.563672598200493,0.0,0.23
insample,User satisfaction of vehicles,locality0.2,1721987797.4463193.txt,144.0,189.0,0.0,-0.23808264113009894,12.842713356018066,137.89718651771545,14400.0,18900.0,55.73,0.15
insample,User satisfaction of vehicles,locality0.2,1721988142.300941.txt,294.0,335.0,135.0,-0.12238440643562878,11.282573461532593,190.45895910263062,1.1776905414413747,1.481371750240723,0.0,1.63
insample,User satisfaction of vehicles,locality0.2,1721988467.7325423.txt,373.0,395.0,168.0,-0.055694792536897804,12.819109678268433,192.62661004066467,1.2201654663412893,1.3511100529730373,0.0,0.87
insample,User satisfaction of vehicles,locality0.2,1721988823.3067596.txt,504.0,563.0,303.0,-0.10479387577485302,10.894515037536621,193.6350224018097,0.6633444440777533,0.8580574898518201,0.0,2.34
insample,User satisfaction of vehicles,locality0.2,1721989790.3495357.txt,95.0,182.0,0.0,-0.47799571452118017,11.1885826587677,184.56021738052368,9500.0,18200.0,55.73,3.46
outsample,Average passenger capacity of vehicles,max0.2,1721985275.126255.txt,101.50119146826101,93.72404238580566,186.0,0.08297037964547511,121.2561092376709,222.22509288787842,-0.4542702463939519,-0.4960806279995395,64.47,0.68
outsample,Average passenger capacity of vehicles,max0.2,1721985581.78099.txt,190.0,189.0,0.0,0.0052907253584466435,59.4620840549469,162.51872777938843,19000.0,18900.0,110.66,9.77
outsample,Average passenger capacity of vehicles,max0.2,1721986075.174674.txt,291.0860635787358,371.7239406502549,168.0,-0.21692363342035298,162.39520120620728,240.44229793548584,0.7326115325203011,1.2125703270653825,92.22,3.66
outsample,Average passenger capacity of vehicles,max0.2,1721986394.313211.txt,137.0,167.0,0.0,-0.17962996227770794,90.40576982498169,154.4849729537964,13700.0,16700.0,0.0,1.2
outsample,Average passenger capacity of vehicles,max0.2,1721986943.557416.txt,228.0,276.00085373080225,135.0,-0.17390929770326438,211.62788820266724,250.41992115974426,0.6888378638619362,1.0443734073831736,61.09,3.84
outsample,Average travel price of vehicles,max0.2,1721977509.9700701.txt,10482.156140565821,30516.78095316886,549.0,0.656511519948091,60.491398096084595,214.27673292160034,-18.09285102378066,-54.58512769014929,79.46,3.72
outsample,Average travel price of vehicles,max0.2,1721998962.7643719.txt,384.9891192912903,20362.294847965208,549.0,0.981092556949428,330.38748002052307,225.0123851299286,0.2987393320863185,-36.08913289004792,55.73,7.95
outsample,Average travel price of vehicles,max0.2,1721999339.5371819.txt,50477.23036313057,50548.28127455712,549.0,0.0014056046136284351,71.77205419540405,227.3074598312378,-90.94229679446744,-91.07171321935324,8387.58,0.14
outsample,Average travel price of vehicles,max0.2,1721999817.8782022.txt,30551.751163244247,50540.66613650322,549.0,0.3955015346306753,106.4896080493927,272.74584197998047,-54.64882454462441,-91.05784254658971,242.51,39.61
outsample,Average travel price of vehicles,max0.2,1722006087.475295.txt,390.64112329473323,20325.4964403149,549.0,0.980780251432265,103.28224492073059,229.8732030391693,0.2884444303478384,-36.0221060460008,10203.5,114.18
outsample,Average waiting time of vehicles,max0.2,1721980438.7452521.txt,3167.7623373386,2775.5965501252085,2920.132671776836,-0.14129012168374538,113.3959321975708,225.04132986068726,-0.08480053661593433,0.04949625340178356,170.45,17.6
outsample,Average waiting time of vehicles,max0.2,1721980831.288648.txt,87.54514318631367,42.69129912757877,0.0,-1.0504093546363766,89.6043860912323,224.76194214820862,-8754.514318631367,-4269.129912757877,314.01,12.42
outsample,Average waiting time of vehicles,max0.2,1721981226.5080519.txt,342.3703130326847,184.2712572069669,326.2410740195438,-0.8579226027753664,95.08684206008911,224.08396697044373,-0.049438117749076485,0.4351550940919579,70.69,29.25
outsample,Average waiting time of vehicles,max0.2,1721981673.187155.txt,97.23733727782128,54.69719328944021,0.0,-0.7775969014406071,147.3275661468506,223.39946818351746,-9723.733727782128,-5469.71932894402,240.72,10.49
outsample,Average waiting time of vehicles,max0.2,1721982098.9293718.txt,214.25139219197118,168.10150399739894,584.4598854663649,-0.27451951292569654,87.9194540977478,250.6676218509674,0.6334090129878873,0.712369262852169,31.13,0.77
outsample,Complaint rate of vehicles,max0.2,1721972072.7719748.txt,14.0,20.91393642129499,0.0,-0.33043191692450596,111.96499609947205,222.18901014328003,1400.0,2091.3936421294993,234.41,15.19
outsample,Complaint rate of vehicles,max0.2,1721972652.285012.txt,22.0,28.00266503172118,18.0,-0.2142839685165206,138.66011810302734,333.51911664009094,0.22209883398112157,0.555395060062253,0.0,0.0
outsample,Complaint rate of vehicles,max0.2,1721973046.844921.txt,3.0,5.0,0.0,-0.3992015968063872,109.50078678131104,213.64953303337097,300.0,500.0,0.0,0.96
outsample,Complaint rate of vehicles,max0.2,1721974027.039948.txt,62.0,27.086063578713947,168.0,1.2885243024272222,155.20093894004822,234.13822412490845,-0.6309148264984228,-0.8387235070608062,299.62,8.25
outsample,Complaint rate of vehicles,max0.2,1721974411.1460721.txt,27.0,37.91393642129499,0.0,-0.2877849045007526,79.45949172973633,224.05251097679138,2700.0,3791.393642129499,18.37,1.48
outsample,Demand satisfaction rate,max0.2,1721991289.656855.txt,145.0,179.0,0.0,-0.1899335232668566,94.05917382240295,157.8102548122406,14500.0,17900.0,0.0,1.35
outsample,Demand satisfaction rate,max0.2,1721991626.510616.txt,12.0,208.0,12.0,-0.9422623912311908,94.93309593200684,161.14422416687012,0.0,16.319733555370526,139.29,7.78
outsample,Demand satisfaction rate,max0.2,1721991970.142166.txt,130.0,171.0,0.0,-0.23975206128296592,90.06812620162964,164.15201091766357,13000.0,17100.0,0.0,1.68
outsample,Demand satisfaction rate,max0.2,1721994717.936342.txt,16.0,22.0,0.0,-0.27260336210813263,90.98677015304565,226.88518691062927,1600.0,2200.0,129.73,19.39
outsample,Demand satisfaction rate,max0.2,1721995049.907739.txt,209.0,209.0,12.0,0.0,89.43729996681213,164.97852492332458,16.4029975020816,16.4029975020816,55.73,2.58
outsample,Future service Level of vehicles in demand areas,max0.2,1721966647.531778.txt,728.9999999999973,729.0,530.0,-3.742725209968018e-15,469.2611520290375,156.21466398239136,0.37546461387520474,0.3754646138752099,164.93,2.99
outsample,Future service Level of vehicles in demand areas,max0.2,1721966890.018815.txt,589.0,513.0,536.0,0.14814526032630942,50.724905252456665,123.72535800933838,0.09887875226208466,-0.042909647208074476,7.29,10000000.0
outsample,Future service Level of vehicles in demand areas,max0.2,1721967154.770925.txt,14.0,66.0,0.0,-0.7877594303893349,58.807401180267334,124.01590323448181,1400.0,6600.0,31.13,0.0
outsample,Future service Level of vehicles in demand areas,max0.2,1721967580.511507.txt,4.0,9.0,0.0,-0.5549389567147613,147.42313599586487,200.3462417125702,400.0,900.0,55.73,16.99
outsample,Future service Level of vehicles in demand areas,max0.2,1721967831.316569.txt,477.0000000000057,580.0,612.0,-0.17758314511817783,42.88662672042847,124.92647910118103,-0.22058463097007291,-0.05228672734105652,0.0,0.0
outsample,Idle vehicles cost,max0.2,1721961860.08305.txt,-247.63559989712832,-268.5495363184233,-232.63559989712832,0.07788028797553326,247.06205582618713,231.09846186637878,-0.06448129529438419,-0.15438514263768405,207.81,25.48
outsample,Idle vehicles cost,max0.2,1721962448.085334.txt,-1661.6282423359169,-1654.350982345567,-2095.264918766842,-0.004398887573970386,250.77171730995178,249.98142099380493,0.20696129742825817,0.21043450726309434,0.0,0.0
outsample,Idle vehicles cost,max0.2,1721962923.4969192.txt,-232.1360304690861,-245.13603046907883,-218.1360304690861,0.05303394329486601,163.62007999420166,227.26747703552246,-0.06418307787425742,-0.12378165018603451,41.6,15.93
outsample,Idle vehicles cost,max0.2,1721963140.7529678.txt,-2328.058249831705,-2272.0582498317053,-2122.058249831705,-0.02464736389473576,36.911834955215454,101.52338886260986,-0.0970760207814961,-0.07068642289914787,99.63,1.96
outsample,Idle vehicles cost,max0.2,1721963619.554019.txt,-260.29918337643335,-355.2991833764334,-188.29918337643335,0.26738781940160095,205.05501985549927,197.16467809677124,-0.3823905266828602,-0.8869335827227455,68.5,86.4
outsample,Number of high-powered taxis in demand areas,max0.2,1721963974.4835231.txt,61.0,71.0,29.0,-0.14082523588227008,72.92663192749023,157.1695840358734,1.1030679076180627,1.4477766287487073,0.0,1.79
outsample,Number of high-powered taxis in demand areas,max0.2,1721964251.231379.txt,248.0,346.0,248.0,-0.2832288084159417,43.5006308555603,160.1405577659607,0.0,0.3951453570420548,9590.06,17.53
outsample,Number of high-powered taxis in demand areas,max0.2,1721964962.309414.txt,39.0,39.0,0.0,0.0,468.7047770023346,171.06685376167297,3900.0,3900.0,195.05,2.68
outsample,Number of high-powered taxis in demand areas,max0.2,1721965340.8825788.txt,16.0,34.0,0.0,-0.5292561011467216,146.1607608795166,160.35909986495972,1600.0,3400.0,139.32,3.22
outsample,Number of high-powered taxis in demand areas,max0.2,1721965943.755747.txt,33.0,41.0,0.0,-0.1950743721043648,366.59167194366455,160.8233778476715,3300.0,4100.0,139.32,1.43
outsample,Number of pre-allocated vehicles,max0.2,1721982568.068861.txt,18.362021192901885,23.0913936421166,59.0,-0.2047223869902162,133.8397240638733,222.5920832157135,-0.688662579344147,-0.60851730821697,0.0,0.0
outsample,Number of pre-allocated vehicles,max0.2,1721982904.3084102.txt,160.0,160.0,66.0,0.0,92.52527093887329,167.4849350452423,1.4240266626268745,1.4240266626268745,31.13,6.42
outsample,Number of pre-allocated vehicles,max0.2,1721983337.926594.txt,207.0,141.81087768814874,324.0,0.45965815029854945,113.82312393188477,224.33515691757202,-0.36109996605043054,-0.5622947511245062,212.24,17.78
outsample,Number of pre-allocated vehicles,max0.2,1721983781.129827.txt,14.362021192904649,10.362021192904649,66.0,0.3856528949956584,140.59307408332825,224.88562488555908,-0.7822750917602689,-0.8428719710209869,217.28,10.14
outsample,Number of pre-allocated vehicles,max0.2,1721984281.318926.txt,1.0,5.0,6.0,-0.7984031936127745,149.0767800807953,223.4547040462494,-0.831946755407654,-0.1663893510815308,424.73,17.19
outsample,Number of users covered by vehicles,max0.2,1721987320.512073.txt,570.0,570.0,303.0,0.0,94.78412795066833,163.4701738357544,0.881159037655523,0.881159037655523,227.96,7.9
outsample,Number of users covered by vehicles,max0.2,1721987630.203573.txt,354.0,357.6376572947443,135.0,-0.010171064231930512,59.004723072052,165.87997269630432,1.6221020665135917,1.6490456802810483,0.0,4.84
outsample,Number of users covered by vehicles,max0.2,1721987930.95523.txt,199.0,199.0,18.0,0.0,59.18067979812622,167.24957394599915,10.049972237645752,10.049972237645752,29.28,7.5
outsample,Number of users covered by vehicles,max0.2,1721988433.3011541.txt,193.72404238582385,201.0,0.0,-0.036196993254943285,252.66232204437256,170.398206949234,19372.404238582385,20100.0,220.66,3.46
outsample,Number of users covered by vehicles,max0.2,1721988770.325511.txt,391.0,394.6376572947443,135.0,-0.009217481030243429,103.11482095718384,151.59121704101562,1.8961558403081256,1.9230994540755821,269.81,8.09
outsample,Order completion rate of vehicles,max0.2,1721978441.952829.txt,211.0,214.63765729474432,18.0,-0.016947109232826385,111.63325214385986,165.42746710777283,10.716268739589117,10.918248600485525,221.41,7.8
outsample,Order completion rate of vehicles,max0.2,1721978750.970431.txt,354.0,354.0,147.0,0.0,44.37275791168213,160.7347559928894,1.4080674784028298,1.4080674784028298,0.0,2.94
outsample,Order completion rate of vehicles,max0.2,1721979092.7114692.txt,146.0,222.0,18.0,-0.34232692221071126,94.10230803489685,165.22128224372864,7.10716268739589,11.3270405330372,12.76,3.26
outsample,Order completion rate of vehicles,max0.2,1721979477.730013.txt,208.0,226.0,0.0,-0.07964249369496926,118.31430888175964,178.11144495010376,20800.0,22600.0,0.0,0.06
outsample,Order completion rate of vehicles,max0.2,1721980012.170385.txt,19.999999999989086,12.724042385816574,0.0,0.5713784667684644,164.94556498527527,274.45186400413513,1999.9999999989086,1272.4042385816574,0.0,0.0
outsample,Proportion of idle vehicles,max0.2,1721959502.945004.txt,-1200.800324696814,-1204.438699951318,-992.4386999513182,0.003020830751252595,128.53347516059875,163.58738780021667,-0.20995122849199802,-0.21361736113677401,126.56,2.92
outsample,Proportion of idle vehicles,max0.2,1721959906.872875.txt,-1204.438699951318,-1204.438699951318,-992.4386999513182,0.0,156.42524218559265,165.50386595726013,-0.21361736113677401,-0.21361736113677401,126.56,42.69
outsample,Proportion of idle vehicles,max0.2,1721960522.931496.txt,-136.3727195126587,-153.3727195126587,-81.3727195126587,0.11084832124796015,97.32659578323364,223.6935670375824,-0.6759852710115338,-0.8849261729605533,0.0,6.04
outsample,Proportion of idle vehicles,max0.2,1721960915.7167518.txt,-171.068670180052,-196.068670180052,-107.06867018005201,0.12751285101057278,146.53416895866394,162.58687019348145,-0.5978030540858051,-0.8313198720880728,55.73,2.46
outsample,Proportion of idle vehicles,max0.2,1721961288.382742.txt,-150.29433813862443,-166.2943381386244,-86.29433813862443,0.0962207275748449,95.2224817276001,192.29576110839844,-0.7417336840108526,-0.9271671050135654,0.0,29.71
outsample,Scheduled vehicle response time,max0.2,1721969296.728626.txt,2625.319984741541,2568.9737876328504,2335.6727863104716,-0.02193326302016475,129.56392431259155,225.7457401752472,-0.12400964725548469,-0.09988556780474007,217.28,7.52
outsample,Scheduled vehicle response time,max0.2,1721969700.94912.txt,2596.8494349806383,2627.5989293692764,2335.6727863104716,0.011702462282322643,117.76110911369324,206.57610487937927,-0.11182025667223876,-0.1249853553615223,18.37,0.99
outsample,Scheduled vehicle response time,max0.2,1721970151.5507462.txt,29.31599910766687,-40.44151850209801,52.0032564480757,1.7253251966320562,148.66394090652466,223.04948091506958,0.43618221372194393,1.7773310356458913,0.0,0.0
outsample,Scheduled vehicle response time,max0.2,1721970912.918817.txt,49.67524666986153,101.31795409447311,0.0,0.5096590362069533,322.0986738204956,225.88993287086487,-4967.524666986153,-10131.79540944731,165.91,5.63
outsample,Scheduled vehicle response time,max0.2,1721971545.86654.txt,758.1683479875112,98.79977380452254,584.4598854663649,-6.67311085528271,331.05328488349915,222.95355796813965,-0.2972068652990384,0.8309412062767281,139.32,117.53
outsample,Service Level of vehicles,max0.2,1721974766.570189.txt,193.0,193.0,0.0,0.0,83.51521682739258,162.019140958786,19300.0,19300.0,955.09,30.82
outsample,Service Level of vehicles,max0.2,1721975106.837666.txt,324.0,399.0,168.0,-0.18796521390441343,97.2602608203888,162.50330233573914,0.9285161597523958,1.3749181596333553,79.46,2.98
outsample,Service Level of vehicles,max0.2,1721975511.711785.txt,1241.0,1321.0,848.0,-0.06055972324206478,173.12549304962158,161.56654620170593,0.4634379311564722,0.5577764413155505,165.91,3.18
outsample,Service Level of vehicles,max0.2,1721975997.855525.txt,96.0,115.0,0.0,-0.1652030258238414,130.69860196113586,282.230721950531,9600.0,11500.0,0.0,0.0
outsample,Service Level of vehicles,max0.2,1721976492.570724.txt,22.424549698319204,10.039018836161025,12.0,1.2325114584907833,200.50961995124817,210.03731989860535,0.8679891505677939,-0.16327903112730846,55.73,39.58
outsample,User satisfaction of vehicles,max0.2,1721989267.007272.txt,5.0,-18.560798667371266,0.0,-1.2700692347447025,102.86681079864502,249.65961909294128,500.0,-1856.0798667371266,72.97,0.04
outsample,User satisfaction of vehicles,max0.2,1721989809.22493.txt,83.0,139.3109171996383,18.0,-0.4041813557611613,100.10409688949585,227.95756697654724,3.609106052193226,6.735753314805014,7.29,39.75
outsample,User satisfaction of vehicles,max0.2,1721990310.734999.txt,79.08606357872486,110.0,0.0,-0.2810102392625683,205.57783389091492,205.19871997833252,7908.606357872486,11000.0,55.73,32.81
outsample,User satisfaction of vehicles,max0.2,1721990956.444375.txt,1297.0,1318.0,848.0,-0.015933111281401506,395.21618914604187,168.09068703651428,0.5294748882678271,0.5542387471845851,139.32,0.83
outsample,User satisfaction of vehicles,max0.2,1722006989.532115.txt,80.0,126.0,0.0,-0.3650503928259662,101.5039370059967,289.2258529663086,8000.0,12600.0,74.37,19.76
